{"epoch":20,"_timestamp":1.7611674975369365e+09,"train_loss":0.1061367264483124,"_step":20,"best_dice":0.5375520560125547,"_runtime":3146,"val_dice":0.517865933506595,"val_iou":0.3881620165485875,"_wandb":{"runtime":3146}}